t,h_atm,src
303,0.853409,"doi:10.1023/A:1006169029230"
298.15,1.16209,"doi:10.1016/S0045-6535(99)00082-X"
