T,P,eta,phase
293.15,0.1,0.005278,liquid
303.15,0.1,0.003881,liquid
313.15,0.1,0.002919,liquid
323.15,0.1,0.0022400000000000002,liquid
333.15,0.1,0.00175,liquid
