T,P,eta,phase
293.15,0.1,0.008801,liquid
303.15,0.1,0.006146,liquid
313.15,0.1,0.004454,liquid
323.15,0.1,0.003292,liquid
333.15,0.1,0.002511,liquid
