T,P,eta,phase
293.15,0.1,0.002353,liquid
303.15,0.1,0.001682,liquid
313.15,0.1,0.001247,liquid
323.15,0.1,0.000964,liquid
333.15,0.1,0.000757,liquid
