T,eta,phase
293.15,0.0042439999999999995,liquid
303.15,0.002776,liquid
313.15,0.001918,liquid
323.15,0.001397,liquid
333.15,0.001036,liquid
