T,P,eta,phase
293.15,0.1,0.014039999999999999,liquid
303.15,0.1,0.008973,liquid
313.15,0.1,0.006102000000000001,liquid
323.15,0.1,0.004368,liquid
333.15,0.1,0.0032519999999999997,liquid
