T,eta,phase
293.15,0.01131,liquid
303.15,0.0073230000000000005,liquid
313.15,0.0051210000000000006,liquid
323.15,0.003792,liquid
333.15,0.002938,liquid
