T,P,eta,phase
293.15,0.1,0.000314,liquid
303.15,0.1,0.000285,liquid
313.15,0.1,0.00026,liquid
323.15,0.1,0.000237,liquid
333.15,0.1,0.000218,liquid
343.15,0.5,0.0002,liquid
353.15,0.5,0.000184,liquid
363.15,1.0,0.00017,liquid
373.15,1.0,0.000157,liquid
383.15,2.0,0.000146,liquid
393.15,2.0,0.000135,liquid
403.15,3.0,0.000126,liquid
400.0,0.05,9e-06,vapor
420.0,0.05,9e-06,vapor
440.0,0.1,9e-06,vapor
450.0,0.1,9e-06,vapor
460.0,0.2,1e-05,vapor
480.0,0.5,1e-05,vapor
500.0,0.5,1.1e-05,vapor
