T,eta,phase
293.15,0.00058507,liquid
303.15,0.0005218000000000001,liquid
313.15,0.00046729,liquid
323.15,0.00042305,liquid
333.15,0.00038771,liquid
