temperature_K,x1_I,x1_II,P
273,0.0013,0.999865,1
283,0.0018,0.999885,1
293,0.0024,0.999889,1
298,0.0028,0.999896,1
303,0.0031,0.999885,1
313,0.0038,0.999875,1
